step, model-name, cost-avg, cost-best, solution-best, runtime-bench (ms), overhead, total cost (ms)
0, resnet50, 5.2668, 0.397333, { breakpoint-1: 49}, {14.425333 13.630667 }, 0.5121, 28.056
1, resnet50, 4.54915, 0.3685, { breakpoint-1: 48}, {14.346333 13.609333 }, 0.506692, 27.9557
2, resnet50, 3.80499, 0.273333, { breakpoint-1: 47}, {13.424333 12.877667 }, 0.417566, 26.302
3, resnet50, 3.04209, 0.273333, { breakpoint-1: 47}, {13.424333 12.877667 }, 0.417566, 26.302
4, resnet50, 2.65791, 0.273333, { breakpoint-1: 47}, {13.424333 12.877667 }, 0.417566, 26.302
5, resnet50, 2.1784, 0.273333, { breakpoint-1: 47}, {13.424333 12.877667 }, 0.417566, 26.302
