step, model-name, cost-avg, cost-best, solution-best, runtime-bench (ms), overhead, total cost (ms)
0, vgg19, 14.2673, 0.1245, { breakpoint-1: 16}, {30.708666 30.459665 }, 0.377231, 61.1683
1, vgg19, 12.3775, 0.1245, { breakpoint-1: 16}, {30.708666 30.459665 }, 0.377231, 61.1683
2, vgg19, 11.1653, 0.1245, { breakpoint-1: 16}, {30.708666 30.459665 }, 0.377231, 61.1683
3, vgg19, 9.17401, 0.1245, { breakpoint-1: 16}, {30.708666 30.459665 }, 0.377231, 61.1683
4, vgg19, 7.44226, 0.1245, { breakpoint-1: 16}, {30.708666 30.459665 }, 0.377231, 61.1683
