{
    "0-0": 7.473333358764648,
    "0-1": 9.567999839782715,
    "0-100": 18.514999389648438,
    "0-101": 19.391000747680664,
    "0-105": 18.92733383178711,
    "0-109": 20.081666946411133,
    "0-111": 19.51099967956543,
    "0-112": 19.080333709716797,
    "0-121": 18.55433464050293,
    "0-13": 11.934000015258789,
    "0-19": 13.029666900634766,
    "0-23": 12.184000015258789,
    "0-27": 13.596332550048828,
    "0-28": 14.626333236694336,
    "0-29": 16.53066635131836,
    "0-3": 5.8480000495910645,
    "0-32": 11.4399995803833,
    "0-34": 12.425000190734863,
    "0-35": 12.846332550048828,
    "0-36": 12.766332626342773,
    "0-39": 12.391667366027832,
    "0-41": 12.814332962036133,
    "0-49": 14.335332870483398,
    "0-5": 5.612333297729492,
    "0-50": 14.462332725524902,
    "0-52": 15.595000267028809,
    "0-53": 14.722999572753906,
    "0-56": 14.88700008392334,
    "0-58": 16.06399917602539,
    "0-59": 15.690333366394043,
    "0-6": 5.816666603088379,
    "0-61": 13.769000053405762,
    "0-68": 15.034000396728516,
    "0-69": 15.074000358581543,
    "0-7": 10.123666763305664,
    "0-75": 15.493666648864746,
    "0-76": 16.302000045776367,
    "0-81": 16.382999420166016,
    "0-82": 16.332000732421875,
    "0-84": 16.979000091552734,
    "0-85": 17.11866569519043,
    "0-87": 18.3526668548584,
    "0-90": 17.678665161132813,
    "0-92": 17.35566520690918,
    "0-93": 18.009334564208984,
    "0-98": 18.71500015258789,
    "1-121": 24.821666717529297,
    "101-121": 4.564000129699707,
    "102-121": 5.144999980926514,
    "106-121": 2.995333194732666,
    "110-121": 2.823333263397217,
    "112-121": 1.8603333234786987,
    "113-121": 2.0450000762939453,
    "14-121": 24.48233413696289,
    "2-121": 24.62566566467285,
    "20-121": 23.068334579467773,
    "24-121": 20.180665969848633,
    "28-121": 20.09600067138672,
    "29-121": 20.35033416748047,
    "30-121": 22.57266616821289,
    "33-121": 14.369999885559082,
    "35-121": 14.765999794006348,
    "36-121": 15.225333213806152,
    "37-121": 15.018333435058594,
    "4-121": 20.7276668548584,
    "42-121": 14.10966682434082,
    "48-121": 13.609333038330078,
    "50-121": 12.86533260345459,
    "51-121": 13.429332733154297,
    "53-121": 11.945667266845703,
    "54-121": 12.096332550048828,
    "57-121": 11.69333267211914,
    "59-121": 12.646332740783691,
    "6-121": 20.635334014892578,
    "60-121": 10.482000350952148,
    "62-121": 8.642000198364258,
    "67-121": 9.574000358581543,
    "69-121": 7.9666666984558105,
    "7-121": 19.70800018310547,
    "70-121": 8.318333625793457,
    "76-121": 7.288000106811523,
    "77-121": 7.74566650390625,
    "8-121": 25.757999420166016,
    "82-121": 6.582333564758301,
    "83-121": 6.6583333015441895,
    "85-121": 6.821666717529297,
    "86-121": 6.7820000648498535,
    "88-121": 7.988666534423828,
    "91-121": 6.099999904632568,
    "93-121": 5.872666358947754,
    "94-121": 5.982666492462158,
    "99-121": 5.872000217437744
}
