{
    "0-0": 22.98433494567871,
    "0-10": 21.30900001525879,
    "0-12": 24.826000213623047,
    "0-15": 28.731334686279297,
    "0-18": 28.400999069213867,
    "0-2": 28.231334686279297,
    "0-21": 35.03466796875,
    "0-24": 38.834999084472656,
    "0-27": 40.951332092285156,
    "0-3": 28.652999877929688,
    "0-30": 43.09299850463867,
    "0-33": 44.0359992980957,
    "0-36": 44.50566864013672,
    "0-39": 45.568668365478516,
    "0-4": 13.807999610900879,
    "0-43": 44.258399963378906,
    "0-6": 21.000333786010742,
    "0-8": 25.340665817260742,
    "0-9": 19.242334365844727,
    "1-1": 50.45700454711914,
    "1-10": 47.68766784667969,
    "1-11": 47.79300308227539,
    "1-13": 51.349002838134766,
    "1-15": 54.382667541503906,
    "1-16": 57.098995208740234,
    "1-17": 57.00033187866211,
    "1-19": 56.262001037597656,
    "1-21": 58.962669372558594,
    "1-22": 60.392669677734375,
    "1-23": 62.453330993652344,
    "1-25": 65.71533203125,
    "1-27": 65.1346664428711,
    "1-28": 65.54132843017578,
    "1-29": 66.06900024414063,
    "1-3": 55.66866683959961,
    "1-31": 67.2266616821289,
    "1-33": 68.7213363647461,
    "1-34": 69.40133666992188,
    "1-35": 68.13633728027344,
    "1-37": 69.0999984741211,
    "1-39": 69.2836685180664,
    "1-4": 40.216331481933594,
    "1-40": 69.18367004394531,
    "1-41": 68.92533874511719,
    "1-5": 47.173004150390625,
    "1-7": 50.763999938964844,
    "1-9": 43.34566879272461,
    "10-10": 10.478667259216309,
    "10-13": 15.335000038146973,
    "10-16": 21.569665908813477,
    "10-18": 18.606000900268555,
    "10-19": 23.606334686279297,
    "10-22": 23.849000930786133,
    "10-25": 30.66466522216797,
    "10-28": 30.905000686645508,
    "10-31": 31.365333557128906,
    "10-34": 33.750999450683594,
    "10-37": 33.029335021972656,
    "10-40": 34.18633270263672,
    "10-43": 33.16600036621094,
    "11-11": 12.79699993133545,
    "11-13": 16.92733383178711,
    "11-15": 20.32633399963379,
    "11-17": 24.18199920654297,
    "11-19": 24.978666305541992,
    "11-21": 27.21233367919922,
    "11-23": 29.54666519165039,
    "11-25": 32.391334533691406,
    "11-27": 30.807666778564453,
    "11-29": 31.82699966430664,
    "11-31": 32.6783332824707,
    "11-33": 33.70566940307617,
    "11-35": 35.104000091552734,
    "11-37": 34.34033203125,
    "11-39": 35.49366760253906,
    "11-43": 35.404998779296875,
    "12-12": 15.601200103759766,
    "12-43": 34.91366958618164,
    "13-13": 12.741000175476074,
    "13-16": 20.89900016784668,
    "13-19": 20.836999893188477,
    "13-22": 22.496665954589844,
    "13-25": 30.67300033569336,
    "13-28": 30.36199951171875,
    "13-31": 29.400333404541016,
    "13-34": 31.152666091918945,
    "13-37": 31.48066520690918,
    "13-40": 31.51300048828125,
    "14-14": 15.572400093078613,
    "14-43": 31.558000564575195,
    "15-15": 12.869000434875488,
    "16-16": 15.528667449951172,
    "16-19": 16.060333251953125,
    "16-22": 21.34633445739746,
    "16-25": 26.036666870117188,
    "16-28": 27.968334197998047,
    "16-31": 25.417333602905273,
    "16-34": 27.31999969482422,
    "16-37": 27.108665466308594,
    "16-40": 27.900333404541016,
    "16-43": 27.71500015258789,
    "17-17": 12.832799911499023,
    "17-43": 24.56333351135254,
    "18-18": 8.958800315856934,
    "18-43": 24.172666549682617,
    "19-19": 6.684999942779541,
    "19-22": 11.338666915893555,
    "19-25": 19.663333892822266,
    "19-28": 19.84433364868164,
    "19-31": 20.889665603637695,
    "19-34": 19.009666442871094,
    "19-37": 22.902666091918945,
    "19-40": 19.680334091186523,
    "19-43": 19.198999404907227,
    "2-2": 53.8026008605957,
    "2-43": 68.85199737548828,
    "20-20": 6.485799789428711,
    "20-43": 19.114665985107422,
    "21-21": 9.631999969482422,
    "22-22": 6.413000106811523,
    "22-25": 15.126999855041504,
    "22-28": 14.662667274475098,
    "22-31": 15.475333213806152,
    "22-34": 18.520334243774414,
    "22-37": 18.007333755493164,
    "22-40": 17.36866569519043,
    "22-43": 15.567667007446289,
    "23-23": 9.949399948120117,
    "23-43": 15.872332572937012,
    "24-24": 6.476799964904785,
    "24-43": 12.432999610900879,
    "25-25": 10.715666770935059,
    "25-28": 10.291333198547363,
    "25-31": 11.521666526794434,
    "25-34": 14.070332527160645,
    "25-37": 13.607999801635742,
    "25-40": 13.911333084106445,
    "26-26": 6.492000102996826,
    "26-43": 9.317333221435547,
    "27-27": 4.504199981689453,
    "28-28": 2.9646668434143066,
    "28-31": 4.368333339691162,
    "28-34": 6.86133337020874,
    "28-37": 6.475666522979736,
    "28-40": 7.405666351318359,
    "28-43": 6.345666408538818,
    "29-29": 1.5808000564575195,
    "29-43": 5.3426666259765625,
    "3-11": 42.367332458496094,
    "3-13": 46.22500228881836,
    "3-15": 48.76266860961914,
    "3-17": 51.64033126831055,
    "3-19": 50.70433044433594,
    "3-21": 55.46699523925781,
    "3-23": 57.829002380371094,
    "3-25": 62.36966323852539,
    "3-27": 59.524330139160156,
    "3-29": 60.53333282470703,
    "3-3": 50.992000579833984,
    "3-31": 62.27433776855469,
    "3-33": 62.84933090209961,
    "3-35": 65.2633285522461,
    "3-37": 63.220001220703125,
    "3-39": 65.1536636352539,
    "3-41": 64.47333526611328,
    "3-5": 42.05933380126953,
    "3-7": 47.69633102416992,
    "3-9": 40.34033203125,
    "30-30": 2.7107999324798584,
    "30-43": 5.235666275024414,
    "31-31": 1.6230000257492065,
    "31-34": 4.2843337059021,
    "31-37": 4.146999835968018,
    "31-40": 4.821666717529297,
    "32-32": 2.750999927520752,
    "32-43": 4.296999931335449,
    "33-33": 1.573799967765808,
    "34-34": 3.010666847229004,
    "34-37": 2.4723331928253174,
    "34-40": 3.4806666374206543,
    "34-43": 3.2216668128967285,
    "35-35": 1.5831999778747559,
    "35-43": 2.252666711807251,
    "36-36": 0.9771999716758728,
    "36-43": 2.3006668090820313,
    "37-37": 0.6079999804496765,
    "37-40": 1.5479999780654907,
    "38-38": 0.4952000081539154,
    "38-43": 1.681666612625122,
    "39-39": 1.534600019454956,
    "4-10": 43.896331787109375,
    "4-11": 44.617000579833984,
    "4-13": 45.494667053222656,
    "4-16": 51.14166259765625,
    "4-19": 51.250667572021484,
    "4-22": 54.502994537353516,
    "4-25": 61.21133041381836,
    "4-28": 60.929664611816406,
    "4-31": 62.08100509643555,
    "4-34": 63.853004455566406,
    "4-37": 63.5109977722168,
    "4-4": 34.775001525878906,
    "4-40": 63.90733337402344,
    "4-43": 63.34500503540039,
    "4-7": 45.12333297729492,
    "40-40": 0.10133333504199982,
    "40-43": 0.33133333921432495,
    "41-41": 0.2831999957561493,
    "41-43": 0.320333331823349,
    "42-42": 0.09920000284910202,
    "42-43": 0.16966667771339417,
    "43-43": 0.15240000188350677,
    "5-11": 20.85700035095215,
    "5-13": 25.302000045776367,
    "5-15": 26.417333602905273,
    "5-17": 29.715999603271484,
    "5-19": 28.913999557495117,
    "5-21": 32.847999572753906,
    "5-23": 36.018333435058594,
    "5-25": 39.69166946411133,
    "5-27": 38.167999267578125,
    "5-29": 39.06633377075195,
    "5-31": 40.559669494628906,
    "5-33": 41.85333251953125,
    "5-35": 42.58733367919922,
    "5-37": 42.366668701171875,
    "5-39": 43.57566833496094,
    "5-41": 43.36800003051758,
    "5-43": 43.53799819946289,
    "5-5": 19.96233367919922,
    "5-7": 23.132665634155273,
    "5-9": 17.532333374023438,
    "6-43": 47.25666809082031,
    "6-6": 25.59280014038086,
    "7-10": 25.948665618896484,
    "7-11": 26.226665496826172,
    "7-13": 28.967666625976563,
    "7-15": 31.467334747314453,
    "7-16": 36.209999084472656,
    "7-17": 34.87833023071289,
    "7-19": 34.23066711425781,
    "7-21": 38.08266830444336,
    "7-22": 38.537330627441406,
    "7-23": 40.112667083740234,
    "7-25": 44.4553337097168,
    "7-27": 43.5533332824707,
    "7-28": 44.36933135986328,
    "7-29": 43.84299850463867,
    "7-31": 45.18733215332031,
    "7-33": 45.83000183105469,
    "7-34": 47.29633331298828,