{
    "0-0": 23.218000411987305,
    "0-1": 23.268333435058594,
    "0-15": 27.64033317565918,
    "0-16": 30.638334274291992,
    "0-27": 40.04233169555664,
    "0-29": 40.861000061035156,
    "0-30": 42.05500030517578,
    "0-37": 43.65133285522461,
    "0-38": 43.452999114990234,
    "0-43": 44.5880012512207,
    "1-6": 48.86433410644531,
    "10-43": 33.68899917602539,
    "16-33": 32.03233337402344,
    "16-35": 26.67766571044922,
    "17-24": 20.242334365844727,
    "2-28": 64.2993392944336,
    "25-43": 12.239333152770996,
    "28-43": 6.244333267211914,
    "29-43": 5.2786664962768555,
    "30-37": 4.0836663246154785,
    "31-31": 1.625333309173584,
    "31-36": 3.7950000762939453,
    "32-43": 4.2260003089904785,
    "34-35": 2.692000150680542,
    "36-43": 2.312000036239624,
    "37-38": 0.5093333125114441,
    "38-43": 1.6739999055862427,
    "39-40": 1.50600004196167,
    "39-43": 1.7316666841506958,
    "41-43": 0.2876666486263275,
    "7-9": 21.358335494995117
}
