{
    "0-0": 141.66799926757813,
    "0-10": 23.559667587280273,
    "0-17": 31.217666625976563,
    "0-18": 27.989334106445313,
    "0-2": 28.590667724609375,
    "0-27": 76.89600372314453,
    "0-31": 42.599666595458984,
    "0-33": 101.98433685302734,
    "0-35": 254.61500549316406,
    "0-36": 43.58133316040039,
    "0-37": 256.406005859375,
    "0-43": 44.47666931152344,
    "0-6": 21.899999618530273,
    "11-21": 24.679000854492188,
    "18-37": 23.01166534423828,
    "18-38": 30.075998306274414,
    "19-25": 16.14533233642578,
    "22-43": 15.732666015625,
    "24-43": 12.52166748046875,
    "26-43": 9.060999870300293,
    "28-35": 14.938666343688965,
    "3-29": 60.24732971191406,
    "30-43": 5.220999717712402,
    "32-34": 3.6036665439605713,
    "34-35": 60.95466613769531,
    "35-43": 2.2853333950042725,
    "36-43": 21.343332290649414,
    "37-38": 0.5090000033378601,
    "38-43": 1.6746665239334106,
    "39-43": 1.6926666498184204,
    "7-23": 40.71900177001953
}
