{
    "0-11": 24.0223331451416,
    "0-13": 24.23333168029785,
    "0-18": 27.97966766357422,
    "0-19": 30.72333335876465,
    "0-22": 34.555667877197266,
    "0-27": 39.6870002746582,
    "0-43": 44.41066360473633,
    "14-17": 18.702333450317383,
    "18-22": 14.820332527160645,
    "19-29": 15.698333740234375,
    "19-35": 20.775999069213867,
    "20-37": 18.18233299255371,
    "23-30": 13.097000122070313,
    "23-43": 15.61733341217041,
    "28-34": 5.513999938964844,
    "28-35": 6.8423333168029785,
    "30-31": 2.7113332748413086,
    "31-32": 2.732333183288574,
    "32-43": 4.314333438873291,
    "33-43": 3.69700026512146,
    "35-35": 1.5986666679382324,
    "36-36": 1.0113333463668823,
    "36-37": 1.0453333854675293,
    "36-43": 2.250666618347168,
    "37-43": 1.756666660308838,
    "38-38": 0.4873333275318146,
    "38-43": 1.6866666078567505,
    "39-43": 1.6686667203903198
}
