{
    "0-0": 28.222333908081055,
    "0-1": 25.40366554260254,
    "0-10": 22.5223331451416,
    "0-11": 22.638334274291992,
    "0-14": 29.621334075927734,
    "0-15": 29.142333984375,
    "0-16": 33.73899841308594,
    "0-17": 33.45933532714844,
    "0-18": 30.20366668701172,
    "0-19": 33.55033493041992,
    "0-2": 28.88133430480957,
    "0-20": 34.270668029785156,
    "0-22": 36.85933303833008,
    "0-23": 41.33599853515625,
    "0-24": 40.59933090209961,
    "0-25": 45.152000427246094,
    "0-27": 43.07099914550781,
    "0-28": 43.18199920654297,
    "0-29": 44.465999603271484,
    "0-3": 30.258333206176758,
    "0-30": 43.44133377075195,
    "0-31": 45.288333892822266,
    "0-32": 47.20966339111328,
    "0-33": 46.62299728393555,
    "0-34": 47.39133071899414,
    "0-35": 47.154666900634766,
    "0-36": 45.68266677856445,
    "0-37": 47.48466873168945,
    "0-39": 48.16966247558594,
    "0-4": 15.03600025177002,
    "0-40": 48.18366622924805,
    "0-43": 45.85099411010742,
    "0-5": 21.79866600036621,
    "0-6": 21.818666458129883,
    "0-7": 26.08533477783203,
    "0-8": 25.663333892822266,
    "0-9": 20.251665115356445,
    "1-23": 66.42266845703125,
    "10-10": 11.879667282104492,
    "10-12": 16.20566749572754,
    "10-16": 21.277000427246094,
    "10-37": 34.930667877197266,
    "10-40": 36.25299835205078,
    "10-43": 36.4739990234375,
    "11-19": 21.601665496826172,
    "11-33": 35.737998962402344,
    "11-43": 37.38566970825195,
    "12-17": 23.01166534423828,
    "12-37": 36.655330657958984,
    "12-41": 37.74300003051758,
    "12-42": 37.54133224487305,
    "12-43": 37.422000885009766,
    "13-43": 34.14533233642578,
    "15-38": 28.861665725708008,
    "15-39": 30.053665161132813,
    "16-21": 21.365665435791016,
    "16-25": 28.78700065612793,
    "16-35": 29.485666275024414,
    "17-32": 24.357666015625,
    "17-41": 36.8390007019043,
    "17-43": 26.298999786376953,
    "18-23": 19.131000518798828,
    "18-24": 19.466999053955078,
    "18-30": 23.324665069580078,
    "18-43": 26.042665481567383,
    "19-28": 19.975666046142578,
    "2-16": 59.79600143432617,
    "2-17": 58.77766418457031,
    "2-22": 63.059669494628906,
    "20-27": 14.997332572937012,
    "20-43": 20.3873348236084,
    "21-21": 10.351332664489746,
    "21-40": 20.310333251953125,
    "22-43": 16.87299919128418,
    "23-31": 13.859999656677246,
    "23-39": 16.532333374023438,
    "23-43": 16.65999984741211,
    "24-39": 12.700332641601563,
    "24-43": 13.11533260345459,
    "25-34": 12.489333152770996,
    "25-43": 13.1163330078125,
    "26-38": 8.267999649047852,
    "26-43": 9.5649995803833,
    "28-39": 6.548333644866943,
    "28-43": 7.994333267211914,
    "29-33": 4.627666473388672,
    "29-36": 4.172666549682617,
    "29-37": 4.11566686630249,
    "29-43": 5.729333400726318,
    "3-32": 66.15467071533203,
    "30-30": 2.8293333053588867,
    "30-33": 7.981666564941406,
    "30-37": 5.404333591461182,
    "30-42": 6.01200008392334,
    "31-37": 4.127999782562256,
    "31-43": 5.377999782562256,
    "32-39": 5.039333343505859,
    "32-43": 5.293000221252441,
    "33-39": 3.5986666679382324,
    "33-42": 3.432666778564453,
    "33-43": 3.5446667671203613,
    "34-37": 2.2103333473205566,
    "34-43": 4.008999824523926,
    "35-35": 1.7096666097640991,
    "35-38": 1.0986666679382324,
    "35-42": 2.3910000324249268,
    "35-43": 2.4070000648498535,
    "36-36": 1.0453332662582397,
    "36-37": 1.1423333883285522,
    "36-38": 1.0369999408721924,
    "36-43": 2.3373332023620605,
    "37-39": 1.6103333234786987,
    "37-40": 1.6043334007263184,
    "37-43": 1.8516665697097778,
    "38-38": 0.5386666655540466,
    "38-43": 1.8473334312438965,
    "39-43": 1.8026666641235352,
    "4-30": 65.33966827392578,
    "40-41": 0.2800000011920929,
    "40-42": 0.28466665744781494,
    "40-43": 0.31200000643730164,
    "41-41": 0.2813333570957184,
    "41-42": 0.30300000309944153,
    "41-43": 0.31466665863990784,
    "42-43": 0.14666667580604553,
    "43-43": 0.21666666865348816,
    "5-19": 30.891666412353516,
    "6-30": 48.06733322143555,
    "6-40": 49.41266632080078,
    "6-6": 26.612333297729492,
    "6-9": 22.961000442504883,
    "7-19": 36.19333267211914,
    "7-43": 50.17266845703125,
    "8-16": 34.64466857910156,
    "8-9": 18.691665649414063,
    "9-11": 23.661333084106445
}
