{
    "0-11": 21.419668197631836,
    "0-13": 24.995332717895508,
    "0-16": 31.07866668701172,
    "0-17": 31.138334274291992,
    "0-23": 38.21699905395508,
    "0-29": 41.56599807739258,
    "0-43": 44.98066711425781,
    "0-5": 22.066335678100586,
    "0-6": 23.097665786743164,
    "0-7": 24.717666625976563,
    "0-9": 19.224000930786133,
    "10-23": 27.30733299255371,
    "12-34": 34.34866714477539,
    "14-17": 18.501665115356445,
    "16-43": 28.02899932861328,
    "17-29": 21.10066795349121,
    "18-23": 18.065000534057617,
    "18-43": 24.831335067749023,
    "20-43": 19.57433319091797,
    "24-35": 11.78499984741211,
    "24-43": 12.449333190917969,
    "28-43": 6.376333236694336,
    "30-40": 5.076000213623047,
    "30-43": 5.261000156402588,
    "35-43": 2.2803332805633545,
    "36-43": 2.320333242416382,
    "41-43": 0.289000004529953,
    "6-27": 43.13833236694336,
    "7-34": 46.73433303833008,
    "8-15": 28.5483341217041,
    "8-19": 30.545000076293945
}
