{
    "0-0": 32.723331451416016,
    "0-1": 35.73699951171875,
    "0-11": 52.61366653442383,
    "0-12": 26.768999099731445,
    "0-16": 39.3763313293457,
    "0-18": 80.63300323486328,
    "0-19": 32.51033401489258,
    "0-20": 28.858667373657227,
    "0-24": 29.684999465942383,
    "0-29": 86.20733642578125,
    "0-3": 52.5456657409668,
    "0-32": 36.96666717529297,
    "0-4": 16.807666778564453,
    "0-43": 45.83766555786133,
    "0-5": 47.442996978759766,
    "0-6": 26.753334045410156,
    "0-7": 24.40166664123535,
    "0-8": 29.198667526245117,
    "0-9": 18.641000747680664,
    "1-34": 71.35999298095703,
    "1-5": 53.16200256347656,
    "10-40": 33.08366775512695,
    "11-43": 36.198665618896484,
    "12-30": 71.26499938964844,
    "13-38": 31.34666633605957,
    "15-43": 40.044002532958984,
    "17-21": 13.355999946594238,
    "19-38": 8.353333473205566,
    "19-43": 60.02933120727539,
    "2-18": 69.92633819580078,
    "2-6": 79.37866973876953,
    "20-24": 14.567333221435547,
    "21-35": 13.275333404541016,
    "22-43": 25.814666748046875,
    "24-43": 9.560999870300293,
    "25-33": 24.874000549316406,
    "25-43": 12.919666290283203,
    "27-43": 19.697999954223633,
    "28-43": 6.505332946777344,
    "29-43": 5.143666744232178,
    "30-38": 9.875000953674316,
    "31-43": 4.933332920074463,
    "33-40": 8.036666870117188,
    "34-43": 3.570666551589966,
    "35-43": 2.632333278656006,
    "36-43": 4.37333345413208,
    "38-43": 4.059666633605957,
    "39-43": 1.7859998941421509,
    "4-37": 77.03866577148438,
    "4-7": 65.29733276367188,
    "41-43": 0.30933332443237305,
    "5-14": 28.907333374023438,
    "5-28": 118.82933807373047,
    "5-40": 44.5606689453125,
    "6-26": 35.16433334350586,
    "6-43": 66.26266479492188,
    "7-10": 28.707000732421875,
    "7-33": 47.44533157348633,
    "7-38": 56.189666748046875,
    "7-43": 39.5186653137207,
    "8-23": 39.606998443603516,
    "8-28": 67.8969955444336,
    "8-43": 27.30000114440918,
    "9-27": 40.47966766357422,
    "9-33": 56.542667388916016,
    "9-34": 45.78767013549805
}
