{
    "0-1": 35.08133316040039,
    "0-12": 15.830666542053223,
    "0-20": 74.09932708740234,
    "0-23": 19.767667770385742,
    "0-26": 34.53766632080078,
    "0-43": 28.401334762573242,
    "13-28": 14.25,
    "2-41": 67.97733306884766,
    "21-33": 12.740333557128906,
    "24-34": 40.25199890136719,
    "27-27": 5.9599995613098145,
    "28-43": 5.124000072479248,
    "29-43": 4.0,
    "34-43": 4.539333343505859,
    "35-43": 2.9696667194366455,
    "42-43": 0.18533332645893097
}
