{
    "0-1": 25.440000534057617,
    "0-14": 28.57866668701172,
    "0-19": 32.79633331298828,
    "0-29": 43.85200119018555,
    "0-43": 45.890995025634766,
    "15-23": 22.801000595092773,
    "2-27": 67.13700103759766,
    "20-25": 17.11199951171875,
    "24-43": 15.717666625976563,
    "26-43": 11.222332954406738,
    "28-43": 8.041666030883789,
    "30-36": 4.2263336181640625,
    "37-43": 1.809000015258789
}
