{
    "0-0": 23.746665954589844,
    "0-1": 24.753999710083008,
    "0-10": 23.7549991607666,
    "0-11": 22.538333892822266,
    "0-12": 25.18199920654297,
    "0-13": 26.551666259765625,
    "0-14": 29.73233413696289,
    "0-15": 28.856334686279297,
    "0-16": 33.266998291015625,
    "0-17": 33.09166717529297,
    "0-18": 29.69066619873047,
    "0-19": 33.160667419433594,
    "0-2": 28.53533363342285,
    "0-20": 32.442665100097656,
    "0-21": 36.120330810546875,
    "0-22": 37.125999450683594,
    "0-23": 40.857330322265625,
    "0-24": 39.936668395996094,
    "0-25": 46.81233215332031,
    "0-26": 65.62299346923828,
    "0-27": 43.495330810546875,
    "0-28": 43.352333068847656,
    "0-29": 43.215667724609375,
    "0-3": 29.680665969848633,
    "0-30": 44.586666107177734,
    "0-31": 44.20966720581055,
    "0-32": 46.90266799926758,
    "0-33": 44.47700119018555,
    "0-34": 45.87433624267578,
    "0-35": 47.00166320800781,
    "0-36": 47.249332427978516,
    "0-37": 46.33966827392578,
    "0-38": 45.93733215332031,
    "0-39": 48.18766784667969,
    "0-4": 14.230999946594238,
    "0-40": 48.78933334350586,
    "0-43": 45.58733367919922,
    "0-5": 21.819665908813477,
    "0-6": 22.8973331451416,
    "0-7": 25.44700050354004,
    "0-8": 28.031999588012695,
    "0-9": 17.864334106445313,
    "1-1": 52.815330505371094,
    "1-20": 59.60966491699219,
    "1-21": 61.31566619873047,
    "1-27": 108.02467346191406,
    "1-38": 77.5583267211914,
    "1-41": 73.927001953125,
    "10-15": 19.017333984375,
    "10-16": 24.897666931152344,
    "10-17": 21.39033317565918,
    "10-18": 19.317665100097656,
    "10-19": 24.354665756225586,
    "10-20": 20.961999893188477,
    "10-21": 24.788000106811523,
    "10-22": 24.73200035095215,
    "10-23": 28.64299964904785,
    "10-24": 29.610666275024414,
    "10-27": 30.861000061035156,
    "10-35": 35.22366714477539,
    "10-36": 35.396331787109375,
    "10-37": 35.1496696472168,
    "11-16": 26.242000579833984,
    "11-17": 25.755334854125977,
    "11-18": 22.81333351135254,
    "11-19": 26.398666381835938,
    "11-20": 23.909666061401367,
    "11-21": 26.102333068847656,
    "11-22": 26.138999938964844,
    "11-24": 29.76099967956543,
    "11-28": 38.33433151245117,
    "11-31": 33.03233337402344,
    "11-39": 37.90666961669922,
    "12-14": 21.277334213256836,
    "12-16": 25.422334671020508,
    "12-17": 24.48033332824707,
    "12-18": 22.187000274658203,
    "12-19": 25.31399917602539,
    "12-20": 22.435333251953125,
    "12-21": 25.69300079345703,
    "12-22": 26.231666564941406,
    "12-23": 30.294334411621094,
    "12-24": 31.562000274658203,
    "12-26": 33.88066864013672,
    "12-27": 30.95633316040039,
    "12-29": 33.90833282470703,
    "12-31": 34.70466613769531,
    "12-32": 35.951332092285156,
    "12-35": 35.91366958618164,
    "12-36": 35.24800109863281,
    "12-39": 35.92966842651367,
    "13-16": 19.492334365844727,
    "13-17": 19.253000259399414,
    "13-18": 16.17300033569336,
    "13-19": 19.021333694458008,
    "13-20": 19.527999877929688,
    "13-21": 23.26766586303711,
    "13-22": 26.551334381103516,
    "13-23": 29.00633430480957,
    "13-24": 26.51166534423828,
    "13-26": 29.95333480834961,
    "13-28": 29.70133399963379,
    "13-39": 33.83599853515625,
    "14-18": 15.504667282104492,
    "14-19": 19.240665435791016,
    "14-20": 19.499000549316406,
    "14-21": 26.680999755859375,
    "14-22": 22.729999542236328,
    "14-23": 26.303665161132813,
    "14-24": 26.2810001373291,
    "14-26": 32.35366439819336,
    "14-27": 28.24366569519043,
    "14-28": 30.396333694458008,
    "14-34": 32.98400115966797,
    "14-37": 32.513999938964844,
    "14-39": 34.01900100708008,
    "15-17": 16.756999969482422,
    "15-18": 14.085000038146973,
    "15-19": 17.577999114990234,
    "15-20": 15.805999755859375,
    "15-21": 19.455665588378906,
    "15-22": 19.741666793823242,
    "15-23": 23.066999435424805,
    "15-24": 22.185665130615234,
    "15-25": 27.079666137695313,
    "15-27": 23.917333602905273,
    "15-28": 25.821666717529297,
    "15-30": 26.44066619873047,
    "15-32": 28.298999786376953,
    "15-35": 31.125,
    "15-36": 29.372333526611328,
    "15-38": 28.704999923706055,
    "15-40": 29.986665725708008,
    "16-17": 17.812999725341797,
    "16-18": 12.600333213806152,
    "16-20": 16.065000534057617,
    "16-21": 22.19533348083496,
    "16-22": 19.128334045410156,
    "16-23": 24.002334594726563,
    "16-24": 22.3439998626709,
    "16-25": 26.70866584777832,
    "16-26": 26.3439998626709,
    "16-27": 24.81366539001465,
    "16-28": 25.22133445739746,
    "16-29": 25.654333114624023,
    "16-31": 26.832334518432617,
    "16-35": 28.049999237060547,
    "16-37": 28.148000717163086,
    "16-39": 29.531665802001953,
    "17-19": 12.61733341217041,
    "17-20": 12.543000221252441,
    "17-21": 15.949000358581543,
    "17-22": 18.319334030151367,
    "17-23": 19.41433334350586,
    "17-24": 19.34666633605957,
    "17-25": 25.185333251953125,
    "17-27": 21.883665084838867,
    "17-28": 22.06999969482422,
    "17-29": 22.6200008392334,
    "17-30": 23.398000717163086,
    "17-31": 24.211666107177734,
    "17-33": 24.364334106445313,
    "17-36": 24.41866683959961,
    "17-37": 25.236000061035156,
    "17-39": 25.864999771118164,
    "18-19": 13.220000267028809,
    "18-20": 12.376333236694336,
    "18-21": 17.731000900268555,
    "18-22": 16.196666717529297,
    "18-23": 22.454999923706055,
    "18-24": 19.349334716796875,
    "18-25": 23.393665313720703,
    "18-26": 22.94066619873047,
    "18-27": 21.05266571044922,
    "18-28": 21.41466522216797,
    "18-29": 22.24799919128418,
    "18-30": 24.026334762573242,
    "18-31": 23.279333114624023,
    "18-32": 24.650665283203125,
    "18-33": 23.656665802001953,
    "18-34": 25.510665893554688,
    "18-35": 24.566999435424805,
    "18-36": 26.172334671020508,
    "18-38": 27.481666564941406,
    "19-19": 7.311333656311035,
    "19-20": 7.326666355133057,
    "19-21": 11.840666770935059,
    "19-22": 10.417332649230957,
    "19-23": 14.033332824707031,
    "19-24": 14.04800033569336,
    "19-25": 20.058334350585938,
    "19-26": 17.419334411621094,
    "19-27": 15.6163330078125,
    "19-28": 20.170333862304688,
    "19-29": 16.691999435424805,
    "19-30": 22.259000778198242,
    "19-31": 18.424333572387695,
    "19-32": 19.29366683959961,
    "19-33": 19.513999938964844,
    "19-34": 20.12933349609375,
    "19-37": 19.943666458129883,
    "2-14": 56.08100509643555,
    "2-20": 57.444332122802734,
    "2-21": 63.491668701171875,
    "2-26": 69.6050033569336,
    "2-27": 68.17266082763672,
    "2-4": 41.66933059692383,
    "2-41": 73.86000061035156,
    "20-21": 12.672666549682617,
    "20-22": 12.182000160217285,
    "20-23": 13.766667366027832,
    "20-24": 16.233333587646484,
    "20-25": 17.65333366394043,
    "20-26": 20.033334732055664,
    "20-27": 18.027999877929688,
    "20-28": 16.92733383178711,
    "20-29": 16.534000396728516,
    "20-30": 17.946666717529297,
    "20-31": 17.18433380126953,
    "20-32": 17.94733428955078,
    "20-33": 19.711999893188477,
    "20-34": 19.932666778564453,
    "20-35": 20.167999267578125,
    "20-37": 23.867666244506836,
    "20-39": 20.383665084838867,
    "21-21": 11.087332725524902,
    "21-22": 10.309666633605957,
    "21-23": 16.413999557495117,
    "21-24": 13.772000312805176,
    "21-25": 17.152334213256836,
    "21-26": 17.81566619873047,
    "21-27": 19.017333984375,
    "21-28": 20.50466537475586,
    "21-29": 20.042999267578125,
    "21-30": 17.85566520690918,
    "21-31": 18.69733428955078,
    "21-32": 19.402999877929688,
    "21-33": 18.946334838867188,
    "21-34": 20.907333374023438,
    "21-35": 19.283000946044922,
    "21-36": 18.898334503173828,
    "21-37": 19.697999954223633,
    "21-38": 19.51966667175293,
    "21-43": 20.372333526611328,
    "22-22": 6.515666484832764,
    "22-23": 10.700667381286621,
    "22-24": 11.688332557678223,
    "22-25": 13.87266731262207,