{
    "0-0": 32.723331451416016,
    "0-12": 26.768999099731445,
    "0-19": 32.51033401489258,
    "0-4": 16.807666778564453,
    "0-43": 45.83766555786133,
    "0-6": 26.753334045410156,
    "0-8": 29.198667526245117,
    "1-34": 71.35999298095703,
    "11-43": 36.198665618896484,
    "13-38": 31.34666633605957,
    "20-24": 14.567333221435547,
    "25-43": 12.919666290283203,
    "28-43": 6.505332946777344,
    "34-43": 3.570666551589966,
    "35-43": 2.632333278656006,
    "39-43": 1.7859998941421509,
    "41-43": 0.30933332443237305,
    "5-40": 44.5606689453125,
    "7-10": 28.707000732421875,
    "7-33": 47.44533157348633,
    "9-27": 40.47966766357422,
    "9-34": 45.78767013549805
}
