{
    "0-1": 25.440000534057617,
    "0-14": 28.57866668701172,
    "0-19": 32.79633331298828,
    "0-24": 40.26966857910156,
    "0-29": 43.85200119018555,
    "0-30": 44.30233383178711,
    "0-4": 14.530332565307617,
    "0-43": 45.890995025634766,
    "0-7": 25.501333236694336,
    "15-23": 22.801000595092773,
    "2-27": 67.13700103759766,
    "20-25": 17.11199951171875,
    "24-43": 15.717666625976563,
    "25-32": 11.303667068481445,
    "26-43": 11.222332954406738,
    "28-43": 8.041666030883789,
    "30-36": 4.2263336181640625,
    "30-43": 6.470333576202393,
    "31-32": 3.176666736602783,
    "33-43": 4.09499979019165,
    "34-43": 3.5940001010894775,
    "37-43": 1.809000015258789,
    "5-33": 41.975669860839844,
    "8-29": 42.659332275390625
}
