{
    "0-13": 24.2413330078125,
    "0-43": 44.95366287231445,
    "14-19": 17.857332229614258,
    "20-43": 19.262332916259766
}
