{
    "0-1": 50.17399978637695,
    "0-12": 48.205665588378906,
    "0-17": 63.40266799926758,
    "0-22": 72.41632843017578,
    "0-31": 85.3653335571289,
    "0-32": 87.67533874511719,
    "0-38": 67.48666381835938,
    "0-4": 31.829999923706055,
    "13-17": 42.912330627441406,
    "18-20": 39.97433090209961,
    "18-43": 27.380666732788086,
    "2-27": 130.55499267578125,
    "23-26": 30.05066680908203,
    "27-43": 10.466667175292969,
    "32-39": 4.804666519165039,
    "33-38": 7.437333583831787,
    "34-43": 3.7236666679382324,
    "39-39": 1.534000039100647,
    "39-43": 1.7400000095367432,
    "40-43": 1.1109999418258667,
    "5-33": 88.46499633789063
}
