{
<<<<<<< HEAD
    "0-0": 45.61033248901367,
    "0-1": 47.45833206176758,
    "0-10": 45.897335052490234,
    "0-11": 62.231998443603516,
    "0-12": 49.81733322143555,
    "0-13": 51.33766555786133,
    "0-14": 58.447330474853516,
    "0-15": 55.809329986572266,
    "0-16": 61.41866683959961,
    "0-17": 61.952667236328125,
    "0-18": 56.987667083740234,
    "0-19": 91.35266876220703,
    "0-2": 57.92466735839844,
    "0-20": 72.4903335571289,
    "0-21": 78.02033233642578,
    "0-22": 69.58033752441406,
    "0-23": 77.13199615478516,
    "0-24": 77.0250015258789,
    "0-25": 84.65033721923828,
    "0-26": 84.71833038330078,
    "0-27": 81.79966735839844,
    "0-28": 82.6709976196289,
    "0-29": 82.77633666992188,
    "0-3": 58.30799865722656,
    "0-30": 84.80799865722656,
    "0-31": 84.9296646118164,
    "0-32": 86.14466094970703,
    "0-33": 86.18700408935547,
    "0-34": 88.05633544921875,
    "0-35": 89.92300415039063,
    "0-36": 88.2376708984375,
    "0-37": 87.39867401123047,
    "0-38": 87.7943344116211,
    "0-39": 45.00766372680664,
    "0-4": 44.53933334350586,
    "0-40": 44.21333312988281,
    "0-41": 44.97999954223633,
    "0-5": 45.23533248901367,
    "0-6": 42.98033142089844,
    "0-7": 67.12566375732422,
    "0-8": 57.56833267211914,
    "0-9": 37.8910026550293,
    "1-12": 103.41000366210938,
    "1-33": 138.0313262939453,
    "10-15": 40.18266677856445,
    "10-17": 45.54066467285156,
    "10-23": 55.34466552734375,
    "10-26": 61.07966613769531,
    "10-32": 64.25333404541016,
    "10-33": 68.98566436767578,
    "10-41": 33.35133361816406,
    "11-14": 41.20333480834961,
    "11-18": 37.49300003051758,
    "11-20": 46.42300033569336,
    "11-21": 60.399662017822266,
    "11-22": 50.84266662597656,
    "11-25": 61.90866470336914,
    "11-33": 65.23600006103516,
    "12-15": 42.69200134277344,
    "12-18": 42.91433334350586,
    "12-22": 50.60733413696289,
    "12-29": 61.843997955322266,
    "12-38": 68.9540023803711,
    "12-39": 34.400333404541016,
    "12-43": 36.05533218383789,
    "13-13": 26.05466651916504,
    "13-17": 42.507667541503906,
    "13-18": 34.32600021362305,
    "13-21": 50.89566421508789,
    "13-22": 44.73599624633789,
    "13-30": 56.6956672668457,
    "13-33": 60.839664459228516,
    "13-39": 31.391332626342773,
    "13-40": 31.290334701538086,
    "13-43": 31.623666763305664,
    "14-18": 34.4010009765625,
    "14-21": 47.72166442871094,
    "14-23": 50.409000396728516,
    "14-26": 58.089664459228516,
    "14-32": 61.20399856567383,
    "14-43": 31.551332473754883,
    "15-35": 54.39399719238281,
    "15-43": 27.876665115356445,
    "16-26": 50.81599807739258,
    "16-43": 27.726333618164063,
    "17-26": 45.03567123413086,
    "17-33": 45.43233108520508,
    "17-43": 24.4689998626709,
    "18-21": 46.154666900634766,
    "18-30": 45.172332763671875,
    "18-36": 55.80466842651367,
    "18-43": 24.44666862487793,
    "19-24": 32.18600082397461,
    "19-36": 39.89999771118164,
    "19-43": 19.945999145507813,
    "2-23": 128.2270050048828,
    "2-24": 126.12332916259766,
    "2-26": 134.0366668701172,
    "2-29": 133.06832885742188,
    "2-31": 133.44400024414063,
    "2-32": 136.39967346191406,
    "2-7": 104.22699737548828,
    "20-21": 23.47166633605957,
    "20-22": 23.088666915893555,
    "20-27": 32.32400131225586,
    "20-28": 40.29066848754883,
    "20-39": 19.58066749572754,
    "20-40": 18.89099884033203,
    "20-41": 23.4133358001709,
    "21-24": 31.795997619628906,
    "21-25": 39.89533615112305,
    "21-26": 39.891666412353516,
    "21-27": 32.4109992980957,
    "21-32": 42.73600387573242,
    "21-34": 37.884334564208984,
    "21-36": 45.11466598510742,
    "21-38": 36.667667388916016,
    "21-39": 20.764667510986328,
    "21-40": 21.141332626342773,
    "21-42": 21.621999740600586,
    "21-43": 20.273000717163086,
    "22-28": 33.15399932861328,
    "22-31": 28.97466468811035,
    "22-33": 34.64533615112305,
    "22-35": 32.18600082397461,
    "22-37": 29.294334411621094,
    "22-39": 18.993999481201172,
    "22-40": 18.28733253479004,
    "22-43": 19.021333694458008,
    "23-24": 23.172998428344727,
    "23-26": 30.21266746520996,
    "23-28": 28.472333908081055,
    "23-34": 35.1359977722168,
    "23-36": 29.63800048828125,
    "23-37": 37.6609992980957,
    "23-38": 38.821998596191406,
    "23-39": 17.902666091918945,
    "23-40": 18.86400032043457,
    "23-43": 19.148666381835938,
    "24-24": 29.075998306274414,
    "24-26": 21.784332275390625,
    "24-34": 29.19933319091797,
    "24-35": 28.774999618530273,
    "24-36": 22.038999557495117,
    "24-38": 28.4876651763916,
    "24-39": 13.109665870666504,
    "24-40": 14.785999298095703,
    "24-43": 14.098999977111816,
    "25-26": 24.271331787109375,
    "25-30": 20.586334228515625,
    "25-36": 27.009666442871094,
    "25-37": 27.091001510620117,
    "25-43": 14.853333473205566,
    "26-26": 13.194666862487793,
    "26-27": 16.106000900268555,
    "26-29": 12.605000495910645,
    "26-35": 20.66666603088379,
    "26-36": 20.113000869750977,
    "26-37": 28.444665908813477,
    "26-39": 10.219332695007324,
    "26-41": 10.411333084106445,
    "26-43": 10.365666389465332,
    "27-33": 18.058000564575195,
    "27-34": 19.1929988861084,
    "27-39": 10.045000076293945,
    "27-42": 10.26633358001709,
    "27-43": 10.282999992370605,
    "28-28": 8.474332809448242,
    "28-30": 14.589333534240723,
    "28-33": 13.053000450134277,
    "28-40": 7.388332843780518,
    "28-41": 7.527332782745361,
    "28-43": 7.548999786376953,
    "29-29": 6.6593337059021,
    "29-31": 7.053999423980713,
    "29-36": 9.062000274658203,
    "29-37": 16.036001205444336,
    "29-38": 10.461999893188477,
    "29-40": 6.038666248321533,
    "29-42": 6.290666580200195,
    "29-43": 6.301333904266357,
    "3-20": 104.25900268554688,
    "3-21": 113.50067138671875,
    "3-23": 119.55432891845703,
    "3-26": 162.69032287597656,
    "3-28": 127.65666961669922,
    "3-29": 126.85833740234375,
    "30-30": 7.60699987411499,
    "30-32": 12.575667381286621,
    "30-36": 10.545332908630371,
    "30-37": 10.556666374206543,
    "30-42": 6.26966667175293,
    "30-43": 6.276333332061768,
    "31-32": 9.929333686828613,
    "31-33": 5.462666988372803,
    "31-43": 5.010666370391846,
    "32-33": 5.474000453948975,
    "32-34": 15.241999626159668,
    "32-35": 7.763999938964844,
    "32-36": 11.817000389099121,
    "32-38": 7.869333267211914,
    "32-39": 4.767666339874268,
    "32-40": 4.868333339691162,
    "32-43": 5.0273332595825195,
    "33-33": 5.698667049407959,
    "33-34": 7.334333419799805,
    "33-36": 8.072667121887207,
    "33-37": 6.703999996185303,
    "33-38": 8.065333366394043,
    "33-40": 3.5220000743865967,
    "33-42": 3.749333381652832,
    "33-43": 3.8030002117156982,
    "34-34": 9.777000427246094,
    "34-35": 7.080999851226807,
    "34-37": 5.1583333015441895,
    "34-38": 8.092000007629395,
    "34-39": 3.490333318710327,
    "34-40": 3.561333417892456,
    "34-43": 3.7159998416900635,
    "35-35": 6.070666790008545,
    "35-36": 2.7886667251586914,
    "35-38": 1.1253334283828735,
    "35-40": 2.1483333110809326,
    "35-41": 2.3366668224334717,
    "35-43": 2.3259999752044678,
    "36-36": 3.8263332843780518,
    "36-41": 2.3593332767486572,
    "36-43": 2.3483333587646484,
    "37-38": 2.2156667709350586,
    "37-39": 1.5820001363754272,
    "37-41": 1.7233333587646484,
    "37-43": 1.748666763305664,
    "38-38": 0.500333309173584,
    "38-40": 1.5423332452774048,
    "38-41": 1.6973333358764648,
    "38-42": 1.7093334197998047,
    "38-43": 1.7549999952316284,
    "39-39": 1.5436667203903198,
    "39-41": 1.6946667432785034,
    "39-42": 1.712999939918518,
    "39-43": 1.7376666069030762,
    "4-11": 90.7750015258789,
    "4-16": 104.84233856201172,
    "4-21": 112.14066314697266,
    "4-25": 124.87899780273438,
    "4-26": 126.1373291015625,
    "4-31": 123.89600372314453,
    "40-40": 0.09666666388511658,
    "40-42": 0.29366669058799744,