{
    "0-13": 49.857666015625,
    "0-25": 84.6326675415039,
    "0-3": 60.53166580200195,
    "0-35": 88.2179946899414,
    "0-4": 29.48900032043457,
    "0-6": 67.99333190917969,
    "0-7": 50.8823356628418,
    "13-43": 31.624666213989258,
    "14-29": 55.93600082397461,
    "25-43": 14.779000282287598,
    "26-33": 14.095999717712402,
    "28-43": 7.628000259399414,
    "30-43": 6.381999969482422,
    "34-43": 3.7919998168945313,
    "35-43": 2.364000082015991,
    "36-36": 3.3276665210723877,
    "37-43": 1.7640000581741333,
    "4-12": 92.8566665649414,
    "5-24": 73.88700103759766,
    "7-34": 93.51666259765625,
    "8-27": 80.41266632080078
}
