{
    "0-14": 33.8043327331543,
    "0-23": 40.72366714477539,
    "0-24": 40.14733123779297,
    "0-28": 43.63566970825195,
    "0-35": 45.44933319091797,
    "0-43": 44.41400146484375,
    "15-22": 18.819665908813477,
    "23-32": 14.831000328063965,
    "24-31": 10.538000106811523,
    "25-28": 9.298666954040527,
    "25-33": 13.3100004196167,
    "29-34": 6.125,
    "29-35": 5.921000003814697,
    "32-38": 3.253333330154419,
    "33-43": 4.293666362762451,
    "34-37": 2.6006667613983154,
    "35-38": 1.1133333444595337,
    "36-41": 2.3006668090820313,
    "36-43": 2.4579999446868896,
    "38-43": 1.77566659450531,
    "39-43": 1.774666666984558,
    "42-42": 0.609000027179718,
    "43-43": 0.16433332860469818
}
