{
    "0-0": 22.6560001373291,
    "0-1": 25.753000259399414,
    "0-10": 22.511999130249023,
    "0-11": 23.058666229248047,
    "0-12": 24.47800064086914,
    "0-13": 24.843666076660156,
    "0-14": 28.90366554260254,
    "0-15": 28.28533363342285,
    "0-16": 32.20133590698242,
    "0-17": 33.56766891479492,
    "0-18": 29.95633316040039,
    "0-19": 33.547664642333984,
    "0-2": 28.322999954223633,
    "0-20": 34.03933334350586,
    "0-21": 35.00633239746094,
    "0-22": 35.24666976928711,
    "0-23": 38.48733139038086,
    "0-24": 41.323333740234375,
    "0-25": 43.073333740234375,
    "0-26": 44.7773323059082,
    "0-27": 41.250667572021484,
    "0-28": 44.65966796875,
    "0-29": 41.74833297729492,
    "0-3": 27.85733413696289,
    "0-30": 42.84933090209961,
    "0-31": 43.642669677734375,
    "0-33": 44.19633102416992,
    "0-34": 44.9589958190918,
    "0-35": 45.183998107910156,
    "0-36": 44.25366973876953,
    "0-37": 44.51866912841797,
    "0-38": 44.569332122802734,
    "0-39": 45.41099548339844,
    "0-4": 13.482333183288574,
    "0-40": 45.267669677734375,
    "0-41": 48.20100402832031,
    "0-43": 48.44966506958008,
    "0-5": 23.202665328979492,
    "0-6": 22.323665618896484,
    "0-7": 25.16866683959961,
    "0-8": 25.93866539001465,
    "0-9": 17.502334594726563,
    "1-20": 56.095333099365234,
    "1-37": 68.7276611328125,
    "10-12": 13.632332801818848,
    "10-15": 20.843334197998047,
    "10-24": 27.37033462524414,
    "11-13": 16.07266616821289,
    "11-43": 37.27333068847656,
    "12-18": 18.805999755859375,
    "13-23": 26.783666610717773,
    "13-25": 30.407665252685547,
    "13-43": 31.588666915893555,
    "14-20": 20.398000717163086,
    "14-22": 23.534334182739258,
    "14-43": 34.24266815185547,
    "15-26": 26.275333404541016,
    "15-31": 26.850666046142578,
    "15-33": 26.270334243774414,
    "15-35": 27.444000244140625,
    "15-43": 31.700000762939453,
    "16-23": 21.202333450317383,
    "16-43": 30.51766586303711,
    "17-25": 22.377666473388672,
    "17-31": 23.326000213623047,
    "17-34": 25.658334732055664,
    "17-39": 29.573665618896484,
    "18-23": 18.799665451049805,
    "18-42": 26.373666763305664,
    "19-26": 17.558334350585938,
    "19-29": 16.663667678833008,
    "19-42": 20.59833335876465,
    "19-43": 21.360666275024414,
    "2-14": 57.37866973876953,
    "20-34": 19.895000457763672,
    "21-31": 18.256999969482422,
    "21-38": 18.790666580200195,
    "21-43": 19.157333374023438,
    "22-28": 12.178333282470703,
    "22-43": 15.886667251586914,
    "23-23": 9.630999565124512,
    "23-32": 15.190999984741211,
    "23-43": 20.211334228515625,
    "24-24": 6.3493332862854,
    "24-38": 13.00333309173584,
    "24-40": 13.141332626342773,
    "24-43": 14.820667266845703,
    "25-34": 12.590332984924316,
    "25-36": 11.956000328063965,
    "25-43": 12.494333267211914,
    "26-27": 4.603000164031982,
    "26-43": 9.0736665725708,
    "27-29": 6.019999980926514,
    "27-32": 8.73566722869873,
    "27-35": 8.288333892822266,
    "27-36": 8.34666633605957,
    "27-42": 9.387999534606934,
    "27-43": 9.565667152404785,
    "28-29": 2.7980000972747803,
    "28-30": 12.008333206176758,
    "28-32": 5.004000186920166,
    "28-35": 10.881333351135254,
    "28-43": 7.872000217437744,
    "29-32": 4.326000213623047,
    "29-43": 5.336999893188477,
    "3-22": 58.4589958190918,
    "30-32": 4.3429999351501465,
    "30-38": 5.214333534240723,
    "30-39": 5.177333354949951,
    "30-43": 6.633333683013916,
    "31-39": 4.77833366394043,
    "31-42": 4.973666667938232,
    "31-43": 4.339333534240723,
    "32-36": 3.377000093460083,
    "32-43": 5.34666633605957,
    "33-43": 3.7320001125335693,
    "34-39": 3.183333158493042,
    "34-43": 3.2880001068115234,
    "35-36": 1.1333333253860474,
    "35-37": 1.0329999923706055,
    "35-43": 2.4040000438690186,
    "36-41": 2.4013333320617676,
    "36-43": 2.246666669845581,
    "37-42": 1.7146666049957275,
    "37-43": 1.8693333864212036,
    "38-38": 0.5950000286102295,
    "38-43": 1.6673333644866943,
    "39-39": 1.5130000114440918,
    "39-41": 1.75,
    "39-43": 1.7430000305175781,
    "4-20": 50.792667388916016,
    "4-28": 60.92233657836914,
    "40-41": 0.28999999165534973,
    "40-42": 0.2919999957084656,
    "40-43": 0.28833335638046265,
    "41-41": 0.29100000858306885,
    "41-43": 0.3086666464805603,
    "42-42": 0.1743333339691162,
    "42-43": 0.15700000524520874,
    "43-43": 0.1536666750907898,
    "5-42": 44.434669494628906,
    "6-10": 26.930334091186523,
    "7-27": 46.32266616821289,
    "8-21": 35.01599884033203,
    "8-22": 36.745330810546875,
    "8-26": 44.12766647338867,
    "8-42": 44.529666900634766,
    "9-27": 42.47133255004883
}
