{
    "0-0": 45.61033248901367,
    "0-1": 47.45833206176758,
    "0-11": 62.231998443603516,
    "0-12": 49.81733322143555,
    "0-19": 91.35266876220703,
    "0-2": 57.92466735839844,
    "0-20": 72.4903335571289,
    "0-21": 78.02033233642578,
    "0-24": 77.0250015258789,
    "0-26": 84.71833038330078,
    "0-29": 82.77633666992188,
    "0-3": 58.30799865722656,
    "0-31": 84.9296646118164,
    "0-5": 45.23533248901367,
    "0-7": 67.12566375732422,
    "0-9": 37.8910026550293,
    "1-12": 103.41000366210938,
    "1-33": 138.0313262939453,
    "10-26": 61.07966613769531,
    "12-39": 34.400333404541016,
    "13-30": 56.6956672668457,
    "13-40": 31.290334701538086,
    "13-43": 31.623666763305664,
    "17-43": 24.4689998626709,
    "2-29": 133.06832885742188,
    "2-7": 104.22699737548828,
    "20-39": 19.58066749572754,
    "21-38": 36.667667388916016,
    "22-31": 28.97466468811035,
    "22-33": 34.64533615112305,
    "22-37": 29.294334411621094,
    "24-43": 14.098999977111816,
    "25-30": 20.586334228515625,
    "27-33": 18.058000564575195,
    "27-43": 10.282999992370605,
    "3-23": 119.55432891845703,
    "30-32": 12.575667381286621,
    "30-43": 6.276333332061768,
    "31-43": 5.010666370391846,
    "32-35": 7.763999938964844,
    "32-43": 5.0273332595825195,
    "33-43": 3.8030002117156982,
    "34-43": 3.7159998416900635,
    "36-43": 2.3483333587646484,
    "38-43": 1.7549999952316284,
    "39-43": 1.7376666069030762,
    "4-16": 104.84233856201172,
    "40-43": 0.2906666696071625,
    "41-43": 0.3256666660308838,
    "6-12": 58.50166702270508,
    "8-32": 87.87866973876953,
    "8-43": 43.22566604614258
}
